"1","Скопје, North Macedonia"
"2","San Sadurni de Anoia, Barcelona"
"3","Terrassa, Barcelona"
"4","Viena, Austria"
"5","Budapest, Hungria"
"6","La Morra, Italia"
"7","Torino, Italia"
"8","Alba, Italia"
"9","Bra, Italia"
"10","Espinho, Portugal"
"11","Obidos, Portugal"
"12","Vigo, Spain"
"13","Coimbra, Portugal"
"14","Bangkok, Tailandia"
"15","Nueva York, USA"
"16","Balneario de Panticosa, Ctra Balneario, Panticosa"
"17","Cheddar, UK"
"18","Weston-super-Mare, UK"
"19","Wells, UK"
"20","Bristol, UK"
"21","Colchester, UK"
"22","Alcoutim, Portugal"
"23","La Palma del Condado, España"
"24","Zahara de los Atunes, Spain"
"25","Pantai Selong Belanak, Selong Belanak, Central Lombok Regency, Nusa Tenggara Occidental, Indonesia"
"26","Pantai Mawun, Central Lombok Regency, Nusa Tenggara Occidental, Indonesia"
"27","Kuta Beach, Kuta, Central Lombok Regency, Nusa Tenggara Occidental, Indonesia"
"28","Senggigi, Indonesia"
"29","Gili Trawangan, Indonesia"
"30","Kuala Lumpur, Malasia"
"31","Gratham, United Kingdom"
"32","aysgarth falls"
"33","Jervaulx Abbey & Tea Rooms, Jervaulx"
"34","Harrogate, United Kingdom"
"35","Windermere, United Kingdom"
"36","Stratford-upon-Avon, United Kingdom"
"37","villasimius, italia"
"38","iglesias, italia"
"39","cagliari, italia"
"40","cremona, italia"
"41","parna, italia"
"42","siena, italia"
"43","livorno, italia"
"44","Cinque Terre, Levanto, La Spezia, Italia"
"45","génova, italia"
"46","remis, francia"
"47","arrás, francia"
"48","de haan, belgica"
"49","dinant, belgica"
"50","namur, belgica"
"51","luxemburgo, luxemburgo"
"52","colonia, alemania"
"53","aquisgran, alemania"
"54","lieja, belgica"
"55","Mons, Belgium"
"56","Reims, France"
"57","Lille, France"
"58","Brugge, Belgium"
"59","Gent, Belgium"
"60","Kortrijk, Belgium"
"61","Albarracin, Teruel, España"
"62","Almansa, Albacete, España"
"63","Albacete, Albacete, España"
"64","Baeza, Jaen, España"
"65","Ubeda, Jaen, España"
"66","Motril, Granada, España"
"67","Salobreña, Granada, España"
"68","Frigiliana, Malaga, España"
"69","Lanjaron, Granada, España"
"70","Mijas, Malaga, España"
"71","Ronda, Malaga, España"
"72","Nerja, Malaga, España"
"73","Torrox, Malaga, España"
"74","La Herradura, Granada, España"
"75","Almuñecar, Granada, España"
"76","Marbella, Malaga, España"
"77","Torres, Jaen, España"
"78","Toledo, Toledo, España"
"79","Segovia, Segovia, España"
"80","Consuegra de Murera, Segovia"
"81","Sepulveda, Segovia, España"
"82","Aranda de Duero, España"
"83","Soria, Soria, España"
"84","Haro, Logroño, España"
"85","Saint-Jean-de-Luz, Francia "
"86","Elizondo, Navarra, España"
"87","Saint-Étienne-de-Baïgorry, Francia "
"88","Saint-Jean-Pied-de-Port, Francia"
"89","Cambo-les-Bains, France"
"90","Biarrtiz, France"
"91","Noja"
"92","Oriñon"
"93","Castro Urdiales"
"94","Barakaldo, Vizcaya"
"95","Santurtzi"
"96","Ajo, Cantabria"
"97","Olite, Navarra"
"98","Tafalla, Navarra"
"99","Vitoria, Alava"
"100","Barbastro"
"101","pamplona"
"102","palencia"
"103","zamora"
"104","vila real, portugal"
"105","tui, pontevedra"
"106","oporto, portugal"
"107","santiago de compostela"
"108","luarca, asturias"
"109","llanes, asturias"
"110","Riglos, España"
"111","Santillana del Mar, España"
"112","Comillas, España"
"113","San Vicente de la Barquera, España"
"114","Treceño, España"
"115","Lierganes, España"
"116","Isla playa, España"
"117","Santoña, España"
"118","Laredo, España"
"119","Limpias, España"
"120","Almudevar, España"
"121","Jaca, Huesca"
"122","Huesca, España"
"123","Rubielos de Mora, España"
"124","Cariñena. Teruel"
"125","Teruel. España"
"126","saint albans, reino unido"
"127","cambridge, reino unido"
"128","cabo da roca, portugal"
"129","Sintra, Portugal"
"130","Cascais, Portugal"
"131","Bath, United Kingdom"
"132","Cardiff, United Kingdom"
"133","Brighton, United Kingdom"
"134","Surbiton, United Kingdom"
"135","The Royal Paddocks, United Kingdom"
"136","Arrochar, Argyll and Bute, Reino Unido"
"137","Loch Melfort , Reino Unido"
"138","Loch Lubnaig, Reino Unido"
"139","Doune, Reino Unido"
"140","Dunfermline, Reino Unido"
"141","Edinburgo, Reino Unido"
"142","Oxford, United Kingdom"
"143","Ventimiglia, Italia"
"144","Sanremo, Italia"
"145","Cannes, Francia"
"146","Aigues Mortes, France"
"147","Saintes Maries de la Mer, France"
"148","Salon-de-Provence, France"
"149","Millau, France"
"150","Roquefort-sur-Soulzon, France"
"151","Sauve, France"
"152","Le Vigan, France"
"153","Avignon, France"
"154","Uzès, France"
"155","Aix-en-Provence, France"
"156","Arles, France"
"157","Nimes, France"
"158","tarazona, zaragoza"
"159","milazzo, sicily, italy"
"160","catania, sicily, italy"
"161","noto, sicily, italy"
"162","siracusa, sicily, italy"
"163","palermo, sicily, italy"
"164","Guildford, Reino Unido"
"165","Milan, Italia"
"166","Pegognaga, Italia"
"167","San Benedetto Po, italia"
"168","Bussolengo, italia"
"169","Sirmione, italia"
"170","Verona, Italia"
"171","Bolonia, Italia"
"172","Castiglione dei pepoli, italia"
"173","Barberino di Mugello, Italia"
"174","Montevarchi, Provincia de Arezzo, Italia"
"175","florencia, italia"
"176","pisa, italia"
"177","Berlín, Alemania"
"178","alcoy, españa"
"179","elda, españa"
"180","murcia, murcia, españa"
"181","cartagena, murcia, españa"
"182","cabo de gata, españa"
"183","san josé, españa"
"184","antequera, españa"
"185","santa fe, granada, españa"
"186","fuenteheridos, españa"
"187","Hangzhou, China"
"188","Suzhou, China"
"189","Shanghai, China"
"190","Luoyang, China"
"191","Xi'an, China"
"192","Beijing, China"
"193","Arnhem, The Netherlands"
"194","Gouda, Netherlands"
"195","Calle Alcala de Guadira, 376 41800 Sanlúcar la Mayor"
"196","trebujena, cádiz"
"197","breda, netherlands"
"198","Hilversum, Netherlands"
"199","Volendam, Netherlands"
"200","Hindeloopen, Netherlands"
"201","Roma, Italia"
"202","Bruselas, Belgica"
"203","Palmela, Portugal"
"204","Fatima, Portugal"
"205","Lisboa, Portugal"
"206","Roermond, Netherlands"
"207","Maastricht, Netherlands"
"208","keukenhoof, netherlands"
"209","helligom, netherlands"
"210","Utrecht, Netherlands"
"211","Delft, Netherlands"
"212","Amberes, Belgica"
"213","IJmuiden, Nederland"
"214","Mooie nel, Países Bajos"
"215","Oosterdel, Bloemendaal, Nederland"
"216","Leiden, Países Bajos"
"217","Santpoort-Zuid, Países Bajos"
"218","Bloemendaal, Países Bajos"
"219","Zanvoort, Países Bajos"
"220","Overveen, Países Bajos"
"221","Haarlem, Países Bajos"
"222","Corella, Navarra"
"223","Tarragona, Tarragona"
"224","Kamakura, Japon"
"225","Yokohama, Japon"
"226","París, Francia"
"227","Tokyo, Japon"
"228","Helsinki, Finlandia"
"229","Vic, Barcelona, España"
"230","Niebla, Huelva, España"
"231","Lyon, Francia"
"232","Palamós, Girona, España"
"233","Girona, Girona, España"
"234","London, United Kingdom"
"235","Montbrio del Camp, Tarragona, España"
"236","Sant Jaume d'Enveja, Tarragona, España"
"237","Urbanitzacio l'Eucaliptus, Tarragona, España"
"238","San Carles de la Rapita, Tarragona, España"
"239","Torredembarra, Tarragona, España"
"240","Tortosa, Tarragona, España"
"241","Logroño, La Rioja, España"
"242","Borja, Zaragoza, España"
"243","Mallén, Zaragoza, España"
"244","Tauste, Zaragoza, España"
"245","Fraga, Huesca, España"
"246","Guissona, Barcelona, España"
"247","Monasterio de Montserrat, Barcelona, España"
"248","Vilanova i la Geltrú, Barcelona, España"
"249","Sitges, Barcelona, España"
"250","Vilafranca del Penedès, Barcelona, España"
"251","Sant Vicenç dels Horts, Barcelona, España"
"252","Sant Cugat del Vallès, Barcelona, España"
"253","Canovelles, Barcelona, España"
"254","Cardedeu, Barcelona, España"
"255","Tarifa, Cádiz, España"
"256","Peñaflor, Sevilla, España"
"257","Osuna, Sevilla, España"
"258","Carmona, Sevilla, España"
"259","San Juan de Aznalfarache, Sevilla, España"
"260","Dos Hermanas, Sevilla, España"
"261","Huévar del Aljarafe, Sevilla, España"
"262","San Juan del Puerto, Huelva, Andalucía, España"
"263","Lepe, Huelva, España"
"264","Isla Cristina, Huelva, España"
"265","La Antilla, Huelva, España"
"266","El Rompido, Cartaya, Huelva, España"
"267","Punta umbría, Huelva, España"
"268","Mazagón, Huelva, España"
"269","Moguer, Huelva, España"
"270","Palos de la Frontera, Huelva, España"
"271","Vila Real de Santo Antonio, Portugal"
"272","Ayamonte, Huelva, España"
"273","Villablanca, Huelva, España"
"274","San Bartolomé de la Torre, Huelva, España"
"275","Valverde del Camino, Huelva, España"
"276","Zalamea la Real, Huelva, España"
"277","Río tinto, Huelva, España"
"278","Santa Olalla del Cala, Sevilla, España"
"279","Biel, Zaragoza, España"
"280","Plasencia, Cáceres, Extremadura, España"
"281","Ginebra, Suiza"
"282","Andorra la Vella, Andorra"
"283","Lleida, España"
"284","Zaragoza, España"
"285","León, España"
"286","San Andreu de Llavaneres, Barcelona"
"287","Canet de mar, Barcelona"
"288","Manresa, Barcelona"
"289","Sos del rey catolico, Zaragoza, España"
"290","Tánger, Marruecos"
"291","Cartaya, Huelva, España"
"292","Tudela, Navarra, España"
"293","Bilbao, España"
"294","Santander, España"
"295","Ribadesella, España"
"296","Gijon, España"
"297","Oviedo, España"
"298","Astorga, León, Castilla y León, España"
"299","plaza mayor, salamanca, salamanca"
"300","Fuengirola, Malaga, España"
"301","Torija, guadalajara, españa"
"302","La Pedrera, Barcelona, España"
"303","Mérida, Badajoz, España"
"304","Zafra, Badajoz, España"
"305","São Brás de Alportel, Faro, Portugal"
"306","Moncarapacho, Portugal"
"307","Faro, Faro, Portugal"
"308","Olhão, Faro, Portugal"
"309","Loulé, Portugal"
"310","San Sebastián, Guipúzcoa, España"
"311","Blanes, Girona, España"
"312","Kinderdijk , Holanda"
"313","La Haya, Holanda"
"314","Amsterdam, Holanda"
"315","Rotterdam, Holanda"
"316","Sanlúcar de Barrameda, Cádiz, España"
"317","Jerez de la frontera, Cádiz, España"
"318","Madrid, Madrid, España"
"319","Córdoba, Córdoba, España"
"320","Cádiz, Cádiz, España"
"321","Sevilla, Sevilla, España"
"322","Ejea de los Caballeros, Zaragoza, España"
"323","Jabuguillo, Huelva, España"
"324","Alhambra, Granada, España"
"325","Calle Más Durán, Barcelona, Barcelona"
"326","Valdepeñas, Ciudad Real, España"
"327","Ubrique, Cadiz, España"
"328","Bollullos del condado, Huelva, España"
